Acceptable solutions:,,,,,,,,,
Solution,Error,Reward,#OP,OP_0,OP_1,OP_2,OP_3,OP_4,OP_5
0,0.124375,1098,6,4,4,21,22,12,21
1,0.10167,1096,6,4,3,20,22,12,21
2,0.0520083,1094,6,4,0,21,22,12,21
3,0.0322582,1029,6,14,1,10,22,6,22
4,0.028161,1022,6,1,13,18,18,21,15
5,0.0174854,977,6,13,19,20,21,22,0
6,0.0077334,936,6,13,19,20,20,22,0
7,0.00415019,788,6,16,19,20,16,21,6
8,0.000343428,752,6,21,19,22,11,20,13
